{
  "accuracy": 0.7204019222367847,
  "f1": 0.708295350957156,
  "roc_auc": 0.7869838730399564,
  "fold": 3,
  "n_train": 9157,
  "n_val": 2289,
  "num_features": 9996
}