{
  "accuracy": 0.7213973799126637,
  "f1": 0.7176991150442477,
  "roc_auc": 0.7860463732153363,
  "fold": 0,
  "n_train": 9156,
  "n_val": 2290,
  "num_features": 11928
}