{
  "accuracy": 0.6963739624290083,
  "f1": 0.6915224145583667,
  "roc_auc": 0.7704123631043376,
  "fold": 2,
  "n_train": 9157,
  "n_val": 2289,
  "num_features": 9996
}