{
  "accuracy": 0.7370030581039755,
  "f1": 0.7261146496815287,
  "roc_auc": 0.8071640648913376,
  "fold": 4,
  "n_train": 9157,
  "n_val": 2289,
  "num_features": 9996
}