{
  "accuracy": 0.7177806902577545,
  "f1": 0.7188859878154917,
  "roc_auc": 0.7852458114979327,
  "fold": 1,
  "n_train": 9157,
  "n_val": 2289,
  "num_features": 11928
}