{
  "accuracy": 0.7165938864628821,
  "f1": 0.7080521817363923,
  "roc_auc": 0.7803006544625465,
  "fold": 0,
  "n_train": 9156,
  "n_val": 2290,
  "num_features": 9996
}