{
  "accuracy": 0.7243337702053299,
  "f1": 0.7161493477282951,
  "roc_auc": 0.7920622895622895,
  "fold": 4,
  "n_train": 9157,
  "n_val": 2289,
  "num_features": 11928
}