{
  "accuracy": 0.7221494102228048,
  "f1": 0.7193292144748455,
  "roc_auc": 0.7881799394845649,
  "fold": 1,
  "n_train": 9157,
  "n_val": 2289,
  "num_features": 9996
}