{
  "accuracy": 0.709043250327654,
  "f1": 0.6986425339366515,
  "roc_auc": 0.7666248719049094,
  "fold": 2,
  "n_train": 9157,
  "n_val": 2289,
  "num_features": 11928
}