{
  "accuracy": 0.72782874617737,
  "f1": 0.7174603174603174,
  "roc_auc": 0.8026313374486855,
  "fold": 3,
  "n_train": 9157,
  "n_val": 2289,
  "num_features": 11928
}